DTMNFR;ORGAO;TIPO;SIGLA;SIMBOLO;NOME_LISTA;NUM_ORDEM;NOME_CANDIDATO;PARTIDO_PROPONENTE;INDEPENDENTE
150300;AM;2;PS;;Partido Socialista;1;João Luís Serrenho Frazão Couvaneiro;PS;N
150300;AM;2;PS;;Partido Socialista;2;Débora Figueiredo Carvalho Rodrigues;PS;N
150300;AM;2;PS;;Partido Socialista;3;Ivo Filipe Esteves de Almeida;PS;N
150300;AM;2;PS;;Partido Socialista;4;José Joaquim Machado Courinha Leitão;PS;N
150300;AM;2;PS;;Partido Socialista;5;Ana Paula Alves da Silva;PS;N
150300;AM;2;PS;;Partido Socialista;6;Sérgio Cantante Faria de Bastos;PS;N
150300;AM;2;PS;;Partido Socialista;7;Henrique Alexandre Margarido de Almeida;PS;N
150300;AM;2;PS;;Partido Socialista;8;Maria Tomaz Queluz Fernandes Palma;PS;N
150300;AM;2;PS;;Partido Socialista;9;João Pedro Eixa dos Santos;PS;N
150300;AM;2;PS;;Partido Socialista;10;Marta Ferreira Cortez dos Santos;PS;N
150300;AM;2;PS;;Partido Socialista;11;Filipe Martins Vaz;PS;N
150300;AM;2;PS;;Partido Socialista;12;Vítor Manuel dos Santos Castanheira;PS;N
150300;AM;2;PS;;Partido Socialista;13;Rosa Maria Varela Ferreira Mendes;PS;N
150300;AM;2;PS;;Partido Socialista;14;José Antonio Lino Craveiro;PS;N
150300;AM;2;PS;;Partido Socialista;15;Pedro Miguel Dias Rodrigues Pereira;PS;N
150300;AM;2;PS;;Partido Socialista;16;Olga Natália Maria Mariano;PS;N
150300;AM;2;PS;;Partido Socialista;17;António Ferrão da Costa;PS;N
150300;AM;2;PS;;Partido Socialista;18;José Maria Marques da Costa Cortez;PS;N
150300;AM;2;PS;;Partido Socialista;19;Maria João Louro Belchior Rita;PS;N
150300;AM;2;PS;;Partido Socialista;20;Luísa Maria Freire Galvão;PS;N
150300;AM;2;PS;;Partido Socialista;21;António José Brigas Alves;PS;N
150300;AM;2;PS;;Partido Socialista;22;Maria José Bruno Esteves;PS;N
150300;AM;2;PS;;Partido Socialista;23;Ana Isabel Palhais de Melo Cardoso Póvoa Figueiredo;PS;N
150300;AM;2;PS;;Partido Socialista;24;Rogério Celestino Gomes Gonçalves;PS;N
150300;AM;2;PS;;Partido Socialista;25;Sónia Maria Pereira Farinha;PS;N
150300;AM;2;PS;;Partido Socialista;26;Rúben José Almeida Martins Raposo;PS;N
150300;AM;2;PS;;Partido Socialista;27;Ana Catarina Braz Tavares;PS;N
150300;AM;2;PS;;Partido Socialista;28;Manuel Pereira Fernandes;PS;N
150300;AM;2;PS;;Partido Socialista;29;Mariama Embaló;PS;N
150300;AM;2;PS;;Partido Socialista;30;Jaime João dos Santos Rocha;PS;N
150300;AM;2;PS;;Partido Socialista;31;Maria Conceição Alves Freitas;PS;N
150300;AM;2;PS;;Partido Socialista;32;Vitória de Los Angeles Reyes Cortes Ferreira;PS;N
150300;AM;2;PS;;Partido Socialista;33;Carlos Manuel de Carvalho Gonçalves;PS;N
150300;AM;3;PS;;Partido Socialista;1;Joana Correia Rosinha Sério;PS;N
150300;AM;3;PS;;Partido Socialista;2;Feliciano José do Livramento dos Reis;PS;N
150300;AM;3;PS;;Partido Socialista;3;António José Lopes Ferreira;PS;N
150300;AM;3;PS;;Partido Socialista;4;Cláudia Isabel Fernandes Ferraz Patrício;PS;N
150300;AM;3;PS;;Partido Socialista;5;José Paulo Nobre Saramago;PS;N
150300;AM;3;PS;;Partido Socialista;6;Maria Teresa Cerqueira Rocha Pereira;PS;N
150300;AM;3;PS;;Partido Socialista;7;Rui Manuel Pestana Borges;PS;N
150300;AM;3;PS;;Partido Socialista;8;Joana Nunes Chaves;PS;N
150300;AM;3;PS;;Partido Socialista;9;António Manuel Correia Valente;PS;N
150300;AM;3;PS;;Partido Socialista;10;Marta Andreia Santos Gouveia;PS;N
150300;AM;3;PS;;Partido Socialista;11;Manuel Esteves dos Santos Peixoto;PS;N
150300;AM;3;PS;;Partido Socialista;12;Rita Santos Fernandes;PS;N
150300;AM;3;PS;;Partido Socialista;13;José António Abala-Matos Búzio;PS;N
150300;AM;3;PS;;Partido Socialista;14;Rita Sofia de Sousa Portugal;PS;N
150300;AM;3;PS;;Partido Socialista;15;João Pedro Dias Nunes;PS;N
150300;AM;3;PS;;Partido Socialista;16;Cátia Lourenço Cameira;PS;N
150300;AM;3;PS;;Partido Socialista;17;José João Caleiro Plácido;PS;N
150300;AM;3;PS;;Partido Socialista;18;Carolina Isabel Gomes Veiga;PS;N
150300;AM;3;PS;;Partido Socialista;19;Luis Manuel Vieira Garcia;PS;N
150300;AM;3;PS;;Partido Socialista;20;Maria Manuela Amado Simões;PS;N
150300;AM;3;PS;;Partido Socialista;21;Rúben Filipe Santos Peres;PS;N
150300;AM;3;PS;;Partido Socialista;22;Pedro Nuno Freire Gaspar;PS;N
150300;AM;3;PS;;Partido Socialista;23;Maria Da Saudade Dias Da Silva;PS;N
150300;AM;3;PS;;Partido Socialista;24;Guilherme Machado da Rosa Perdigão Luz;PS;N
150300;AM;3;PS;;Partido Socialista;25;Ricardo Daniel Rodrigues da Silva;PS;N
150300;AM;3;PS;;Partido Socialista;26;Maria Emília Mamede Grazina Samora;PS;N
150300;AM;3;PS;;Partido Socialista;27;José Manuel da Silva;PS;N
150300;AM;3;PS;;Partido Socialista;28;Arminda Purificação Carvalho Mourão da Silva Vieira;PS;N
150300;AM;3;PS;;Partido Socialista;29;João Frederico da Silva Lopes de Frias Branco;PS;N
150300;AM;3;PS;;Partido Socialista;30;Beatriz Alexandra de Carvalho e Melo Franco;PS;N
150300;AM;3;PS;;Partido Socialista;31;Henrique Galelo Palhotas;PS;N
150300;AM;3;PS;;Partido Socialista;32;Maria Suzete do Carmo Lourenço Rapaz;PS;N
150300;AM;3;PS;;Partido Socialista;33;Alberto Marques Antunes;PS;N
150300;AM;2;CH;;Chega;1;Patricia Alexandra Martins Carvalho;CH;N
150300;AM;2;CH;;Chega;2;Mário Daniel Da Silva Tavares Paracana;CH;N
150300;AM;2;CH;;Chega;3;Inês Maurile De Oliveira Silva;CH;N
150300;AM;2;CH;;Chega;4;Isabella Sales Baltazar;CH;N
150300;AM;2;CH;;Chega;5;Luis Manuel Jales Cordeiro;CH;N
150300;AM;2;CH;;Chega;6;Maria Teresa dos Santos Amarante de Almeida;CH;N
150300;AM;2;CH;;Chega;7;Bruno Miguel Neves de Brito;CH;N
150300;AM;2;CH;;Chega;8;João Pedro Guterres Peixoto Costa Pereira;CH;N
150300;AM;2;CH;;Chega;9;Andreia Alexandra Flores de Miranda;CH;N
150300;AM;2;CH;;Chega;10;José Carlos Marques Nunes;CH;N
150300;AM;2;CH;;Chega;11;Rui Fernando Garcia Marques;CH;N
150300;AM;2;CH;;Chega;12;Cátia Alexandra Gonçalves Silva;CH;N
150300;AM;2;CH;;Chega;13;António Manuel dos Santos Marques Ferrugem;CH;N
150300;AM;2;CH;;Chega;14;Bruno Miguel Ventura Janeiro;CH;N
150300;AM;2;CH;;Chega;15;Lucília Maria dos Santos;CH;N
150300;AM;2;CH;;Chega;16;Rui Paulo Azevedo dos Santos;CH;N
150300;AM;2;CH;;Chega;17;Alfredo José Faria Lopes;CH;N
150300;AM;2;CH;;Chega;18;Cláudia Susana da Costa Ferreira;CH;N
150300;AM;2;CH;;Chega;19;Nuno Alexandre Oliveira Mendes;CH;N
150300;AM;2;CH;;Chega;20;Sara Sofia Martins Pinheiro;CH;N
150300;AM;2;CH;;Chega;21;Ana Sofia Carvalheira Mendes;CH;N
150300;AM;2;CH;;Chega;22;Hugo Miguel Nunes Monteiro;CH;N
150300;AM;2;CH;;Chega;23;Armando José da Silva Rocha;CH;N
150300;AM;2;CH;;Chega;24;Cláudia Sofia Barreto Gonçalves;CH;N
150300;AM;2;CH;;Chega;25;João Daniel Ribeiro Canelas;CH;N
150300;AM;2;CH;;Chega;26;Mauro Neves Guerra Henriques Carvalho;CH;N
150300;AM;2;CH;;Chega;27;Cláudia Patrícia Braz Quinta Gomes;CH;N
150300;AM;2;CH;;Chega;28;António da Costa Trepado;CH;N
150300;AM;2;CH;;Chega;29;Andreia Sofia Rodrigues Isidoro;CH;N
150300;AM;2;CH;;Chega;30;Helena Maria Rocha Almeida;CH;N
150300;AM;2;CH;;Chega;31;Daniel Nunes Fernandes;CH;N
150300;AM;2;CH;;Chega;32;Vera Solange da Silva Lagos;CH;N
150300;AM;2;CH;;Chega;33;Ana Filipa da Costa Ferreira da Guia;CH;N
150300;AM;3;CH;;Chega;1;José Bartolomeu Ricardo;CH;N
150300;AM;3;CH;;Chega;2;Neide Filipa Marinho Passarinho;CH;N
150300;AM;3;CH;;Chega;3;Arlinda Maria Pereira Conceição;CH;N
150300;AM;3;CH;;Chega;4;Alexandre Jorge Mendes Ferreira;CH;N
150300;AM;3;CH;;Chega;5;Maria Ana Quintela Gaivão Andrade Praça Louro Cordoeiro;CH;N
150300;AM;3;CH;;Chega;6;Nádia Filipa Gomes Lagos;CH;N
150300;AM;3;CH;;Chega;7;Alexandre Diogo Silva Aires;CH;N
150300;AM;3;CH;;Chega;8;Orquídea Maria Branco Valério;CH;N
150300;AM;3;CH;;Chega;9;Mário Maria Branco Lopes de Matos;CH;N
150300;AM;3;CH;;Chega;10;Cátia Andreia Soares Pereira Amante;CH;N
150300;AM;3;CH;;Chega;11;Catarina da Costa Carvalho Rita Gomes;CH;N
150300;AM;2;PPD/PSD;;Partido Social Democrata;1;Ana Catarina Ribas Lopes;PPD/PSD;N
150300;AM;2;PPD/PSD;;Partido Social Democrata;2;Luís Pedro Amado Pinto Durão;PPD/PSD;N
150300;AM;2;PPD/PSD;;Partido Social Democrata;3;Miguel ngelo Moura Salvado;PPD/PSD;N
150300;AM;2;PPD/PSD;;Partido Social Democrata;4;Lina Cristina de Matos Gonzalez;PPD/PSD;N
150300;AM;2;PPD/PSD;;Partido Social Democrata;5;Miguel Maria Grossinho Caldeira Pais;PPD/PSD;N
150300;AM;2;PPD/PSD;;Partido Social Democrata;6;Bruno Rafael Esteves Manso Ribeiro;PPD/PSD;N
150300;AM;2;PPD/PSD;;Partido Social Democrata;7;Inês Varela Neves;PPD/PSD;N
150300;AM;2;PPD/PSD;;Partido Social Democrata;8;António Carlos Lourenço Ferreira da Silva;PPD/PSD;N
150300;AM;2;PPD/PSD;;Partido Social Democrata;9;Amaro Alexandre Caeiro Grilo;PPD/PSD;N
150300;AM;2;PPD/PSD;;Partido Social Democrata;10;Jéssica Denise Krause;PPD/PSD;N
150300;AM;2;PPD/PSD;;Partido Social Democrata;11;Nuno de Almeida Ferreira Rita;PPD/PSD;N
150300;AM;2;PPD/PSD;;Partido Social Democrata;12;José Rafael Moita Coelho;PPD/PSD;N
150300;AM;2;PPD/PSD;;Partido Social Democrata;13;Selma Nazaré Vieira Barros;PPD/PSD;N
150300;AM;2;PPD/PSD;;Partido Social Democrata;14;Bruno Miguel Abrantes Queimado Rosa;PPD/PSD;N
150300;AM;2;PPD/PSD;;Partido Social Democrata;15;Luis Filipe Camoêsas dos Anjos;PPD/PSD;N
150300;AM;2;PPD/PSD;;Partido Social Democrata;16;Maria Mafalda de Faria e Melo Forjó;PPD/PSD;N
150300;AM;2;PPD/PSD;;Partido Social Democrata;17;Simão Botelho Batista;PPD/PSD;N
150300;AM;2;PPD/PSD;;Partido Social Democrata;18;Nuno Miguel Salgueiro Ferreira Silvestre;PPD/PSD;N
150300;AM;2;PPD/PSD;;Partido Social Democrata;19;Maria de Lurdes Marques Silva;PPD/PSD;N
150300;AM;2;PPD/PSD;;Partido Social Democrata;20;Pedro Miguel Folião Nunes;PPD/PSD;N
150300;AM;2;PPD/PSD;;Partido Social Democrata;21;Fausto de Oliveira Cruz;PPD/PSD;N
150300;AM;2;PPD/PSD;;Partido Social Democrata;22;Dina Maria Frangalho Ventura dos Santos Mora;PPD/PSD;N
150300;AM;2;PPD/PSD;;Partido Social Democrata;23;Francisco Miguel Pereira Cardina;PPD/PSD;N
150300;AM;2;PPD/PSD;;Partido Social Democrata;24;António Manuel de Oliveira Brito;PPD/PSD;N
150300;AM;2;PPD/PSD;;Partido Social Democrata;25;Helena Maria Quintela e Costa;PPD/PSD;N
150300;AM;2;PPD/PSD;;Partido Social Democrata;26;Hugo Miguel Barreto Gonçalves;PPD/PSD;N
150300;AM;2;PPD/PSD;;Partido Social Democrata;27;David António Rodrigues Pulquério;PPD/PSD;N
150300;AM;2;PPD/PSD;;Partido Social Democrata;28;Célia da Conceição Fragoso Pinheiro;PPD/PSD;N
150300;AM;2;PPD/PSD;;Partido Social Democrata;29;Artur Agostinho Marreiros Graça Fernandes;PPD/PSD;N
150300;AM;2;PPD/PSD;;Partido Social Democrata;30;Duarte Vicente de Sousa;PPD/PSD;N
150300;AM;2;PPD/PSD;;Partido Social Democrata;31;Rosa Maria dos Santos Rolo Martinho;PPD/PSD;N
150300;AM;2;PPD/PSD;;Partido Social Democrata;32;Carlos Manuel Costa Botelho de Moura;PPD/PSD;N
150300;AM;2;PPD/PSD;;Partido Social Democrata;33;Sofia do Carmo Rocha;PPD/PSD;N
150300;AM;3;PPD/PSD;;Partido Social Democrata;1;Sofia Amado Pinto Durão Carvalho;PPD/PSD;N
150300;AM;3;PPD/PSD;;Partido Social Democrata;2;Carlos Manuel Coimbra da Silva;PPD/PSD;N
150300;AM;3;PPD/PSD;;Partido Social Democrata;3;Bernardo Nuno Verdelho Lopes Aires de Campos;PPD/PSD;N
150300;AM;3;PPD/PSD;;Partido Social Democrata;4;Ana Catarina da Fonseca Santos;PPD/PSD;N
150300;AM;3;PPD/PSD;;Partido Social Democrata;5;José Carlos de Araújo Guerreiro Ferreira;PPD/PSD;N
150300;AM;3;PPD/PSD;;Partido Social Democrata;6;Tiago Silva de Oliveira;PPD/PSD;N
150300;AM;3;PPD/PSD;;Partido Social Democrata;7;Cristina Maria Fernandes Vinagre Geraldes;PPD/PSD;N
150300;AM;3;PPD/PSD;;Partido Social Democrata;8;Leonardo Delgado Grilo;PPD/PSD;N
150300;AM;3;PPD/PSD;;Partido Social Democrata;9;Sandra Fortes de Jesus;PPD/PSD;N
150300;AM;3;PPD/PSD;;Partido Social Democrata;10;Paulo César Fernandes Colaço;PPD/PSD;N
150300;AM;3;PPD/PSD;;Partido Social Democrata;11;Hélia Rute Gonçalves Santos;PPD/PSD;N
150300;AM;3;PPD/PSD;;Partido Social Democrata;12;Catarina do Carmo Rocha;PPD/PSD;N
150300;AM;2;CDS-PP;;CDS – Partido Popular;1;José Daniel Pimenta Coutinho;CDS-PP;N
150300;AM;2;CDS-PP;;CDS – Partido Popular;2;Sílvia Faustina Parreira Lopes;CDS-PP;N
150300;AM;2;CDS-PP;;CDS – Partido Popular;3;Maria Luis Mendes Alves Pereira de Abreu;CDS-PP;N
150300;AM;2;CDS-PP;;CDS – Partido Popular;4;Fábio André Lourenço Lopes;CDS-PP;N
150300;AM;2;CDS-PP;;CDS – Partido Popular;5;Irina Cristiana Ludovico da Costa Tricamegy;CDS-PP;N
150300;AM;2;CDS-PP;;CDS – Partido Popular;6;Raquel Alexandra Valadares Barrulas;CDS-PP;N
150300;AM;2;CDS-PP;;CDS – Partido Popular;7;Ricardo Maria Coelho Ribeiro;CDS-PP;N
150300;AM;2;CDS-PP;;CDS – Partido Popular;8;Maria Ana de Magalhães e Esteves Silva;CDS-PP;N
150300;AM;2;CDS-PP;;CDS – Partido Popular;9;Henrique Pimenta Coutinho;CDS-PP;N
150300;AM;2;CDS-PP;;CDS – Partido Popular;10;Mariana da Cruz França;CDS-PP;N
150300;AM;2;CDS-PP;;CDS – Partido Popular;11;Jorge Manuel Vieira Braga;CDS-PP;N
150300;AM;2;CDS-PP;;CDS – Partido Popular;12;Paula Alexandra Monteiro dos Santos Pires;CDS-PP;N
150300;AM;2;CDS-PP;;CDS – Partido Popular;13;Gustavo Manuel Marques Pinto;CDS-PP;N
150300;AM;2;CDS-PP;;CDS – Partido Popular;14;João Maria Castro de Oliveira Rocha Pinto;CDS-PP;N
150300;AM;2;CDS-PP;;CDS – Partido Popular;15;ngela Maria Paradela Gonçalves Lopes Seguin;CDS-PP;N
150300;AM;2;CDS-PP;;CDS – Partido Popular;16;Manuel Castro de Oliveira Rocha Pinto;CDS-PP;N
150300;AM;2;CDS-PP;;CDS – Partido Popular;17;Edgar Pires de Matos Morgadinho Faustino;CDS-PP;N
150300;AM;2;CDS-PP;;CDS – Partido Popular;18;Ana Mafalda Boieiro Marques;CDS-PP;N
150300;AM;2;CDS-PP;;CDS – Partido Popular;19;Maria Quitéria Chefe Marques;CDS-PP;N
150300;AM;2;CDS-PP;;CDS – Partido Popular;20;Henrique Marques Elvas Martins;CDS-PP;N
150300;AM;2;CDS-PP;;CDS – Partido Popular;21;Daniel José Félix da Costa;CDS-PP;N
150300;AM;2;CDS-PP;;CDS – Partido Popular;22;Daniela de Jesus Pires da Silva;CDS-PP;N
150300;AM;2;CDS-PP;;CDS – Partido Popular;23;Emanuel Melo de Sousa;CDS-PP;N
150300;AM;2;CDS-PP;;CDS – Partido Popular;24;Silvestre Tomé Lopes;CDS-PP;N
150300;AM;2;CDS-PP;;CDS – Partido Popular;25;Ana Paula Barrosa Ludovico Costa;CDS-PP;N
150300;AM;2;CDS-PP;;CDS – Partido Popular;26;Luzia Maria dos Santos Oliveira;CDS-PP;N
150300;AM;2;CDS-PP;;CDS – Partido Popular;27;Rui Filipe Soares Waddington Rebelo;CDS-PP;N
150300;AM;2;CDS-PP;;CDS – Partido Popular;28;Maria Teresa Seixas Dantas;CDS-PP;N
150300;AM;2;CDS-PP;;CDS – Partido Popular;29;Célia Sofia Goes Custódio Fonseca;CDS-PP;N
150300;AM;2;CDS-PP;;CDS – Partido Popular;30;José António Borges Telhado;CDS-PP;N
150300;AM;2;CDS-PP;;CDS – Partido Popular;31;Mariana Rita Potra Colaço;CDS-PP;N
150300;AM;2;CDS-PP;;CDS – Partido Popular;32;Pedro Manuel Monteiro da Rosa;CDS-PP;N
150300;AM;2;CDS-PP;;CDS – Partido Popular;33;Tânia Patrícia da Gama Maia;CDS-PP;N
150300;AM;3;CDS-PP;;CDS – Partido Popular;1;Teresa Maria Ferreira de Almeida Monteiro;CDS-PP;N
150300;AM;3;CDS-PP;;CDS – Partido Popular;2;Tiago Fernandes de Moura;CDS-PP;N
150300;AM;3;CDS-PP;;CDS – Partido Popular;3;José Manuel Santos de Moura;CDS-PP;N
150300;AM;3;CDS-PP;;CDS – Partido Popular;4;Beatriz Rita de Cássia Jorge Borges;CDS-PP;N
150300;AM;3;CDS-PP;;CDS – Partido Popular;5;José Santos Monteiro de Moura;CDS-PP;N
150300;AM;3;CDS-PP;;CDS – Partido Popular;6;Isabel Maria de Mata Mouzinho;CDS-PP;N
150300;AM;3;CDS-PP;;CDS – Partido Popular;7;Paulo Jorge Neto Dias;CDS-PP;N
150300;AM;3;CDS-PP;;CDS – Partido Popular;8;Ana Francisca Moura Neto Roldão Dias;CDS-PP;N
150300;AM;3;CDS-PP;;CDS – Partido Popular;9;Ana Paula Roldão Moura Josefa;CDS-PP;N
150300;AM;3;CDS-PP;;CDS – Partido Popular;10;Ricardo Jorge Borges Mariano de Carvalho;CDS-PP;N
150300;AM;3;CDS-PP;;CDS – Partido Popular;11;Ana Madalena Moura Neto Dias Roldão;CDS-PP;N
150300;AM;2;IL;;Iniciativa Liberal;1;Marta Cristina Belmonte Pereira;IL;N
150300;AM;2;IL;;Iniciativa Liberal;2;Carlos Filipe Pereira Alves;IL;N
150300;AM;2;IL;;Iniciativa Liberal;3;Bruno Filipe Coelho Sanches;IL;N
150300;AM;2;IL;;Iniciativa Liberal;4;Ana Luísa Rodrigues Horta Barnabé;IL;N
150300;AM;2;IL;;Iniciativa Liberal;5;Rodrigo Gonçalves da Silva;IL;N
150300;AM;2;IL;;Iniciativa Liberal;6;Maria de Lurdes Pinto Silva;IL;N
150300;AM;2;IL;;Iniciativa Liberal;7;Priscila Rodrigues Gomes Mendes;IL;N
150300;AM;2;IL;;Iniciativa Liberal;8;Ricardo Jorge Afonso Helena;IL;N
150300;AM;2;IL;;Iniciativa Liberal;9;Graça Alexandra Gonçalves Roque;IL;N
150300;AM;2;IL;;Iniciativa Liberal;10;Hélder Manuel da Encarnação Barbóz;IL;N
150300;AM;2;IL;;Iniciativa Liberal;11;Vítor Machado Rodrigues Manuel;IL;N
150300;AM;2;IL;;Iniciativa Liberal;12;Ana Maria Pinheiro Heitor Almeida Ferreira;IL;N
150300;AM;2;IL;;Iniciativa Liberal;13;Guilherme Filipe Palma Lopes;IL;N
150300;AM;2;IL;;Iniciativa Liberal;14;Pedro Hugo Teixeira Alves Luis Moita Barata;IL;N
150300;AM;2;IL;;Iniciativa Liberal;15;Cátia Alexandra Freitas da Costa;IL;N
150300;AM;2;IL;;Iniciativa Liberal;16;Maria Carlota Ferreira Barbóz;IL;N
150300;AM;2;IL;;Iniciativa Liberal;17;Jorge André Nunes Dourado Dos Santos;IL;N
150300;AM;2;IL;;Iniciativa Liberal;18;Vânia Carina Carrusca Guerreiro do Nascimento Ferreira;IL;N
150300;AM;2;IL;;Iniciativa Liberal;19;Paulo Alexandre Baptista Manuel;IL;N
150300;AM;2;IL;;Iniciativa Liberal;20;Sérgio Bruno Gonçalves da Silva Pereira;IL;N
150300;AM;2;IL;;Iniciativa Liberal;21;Liliana Sofia Filipe dos Santos Van Der Elst;IL;N
150300;AM;2;IL;;Iniciativa Liberal;22;João Alexandre Henriques Dias;IL;N
150300;AM;2;IL;;Iniciativa Liberal;23;Beatriz Belmonte Pereira Mouronho;IL;N
150300;AM;2;IL;;Iniciativa Liberal;24;Matilde Pereira Carrão;IL;N
150300;AM;2;IL;;Iniciativa Liberal;25;Pedro Jorge Matos Pimenta;IL;N
150300;AM;2;IL;;Iniciativa Liberal;26;João Pedro Cardoso Alves Pinto;IL;N
150300;AM;2;IL;;Iniciativa Liberal;27;Ana Carina de Jesus Pereira Marques Martins;IL;N
150300;AM;2;IL;;Iniciativa Liberal;28;Nuno Miguel da Silva Nóbrega Batista;IL;N
150300;AM;2;IL;;Iniciativa Liberal;29;Orlando Jorge Alves Henrique Cerejeira;IL;N
150300;AM;2;IL;;Iniciativa Liberal;30;Marta Sofia Silveira de Araújo;IL;N
150300;AM;2;IL;;Iniciativa Liberal;31;Luis Filipe do Carmo Arcângelo;IL;N
150300;AM;2;IL;;Iniciativa Liberal;32;João Carlos Guimarães Barbosa;IL;N
150300;AM;2;IL;;Iniciativa Liberal;33;Maria Inês Simões Sanches;IL;N
150300;AM;3;IL;;Iniciativa Liberal;1;Maria Ivone Moreira Madaleno Cordeiro;IL;N
150300;AM;3;IL;;Iniciativa Liberal;2;Gonçalo Filipe Lima e Castro;IL;N
150300;AM;3;IL;;Iniciativa Liberal;3;Maria Fátima Lopes Rodrigues Mendes;IL;N
150300;AM;3;IL;;Iniciativa Liberal;4;Ana Patrícia Antunes Fernandes Cordeiro;IL;N
150300;AM;3;IL;;Iniciativa Liberal;5;João Daniel Marques Pereira da Conceição Correia;IL;N
150300;AM;3;IL;;Iniciativa Liberal;6;Vânia Sofia Pereira Simões;IL;N
150300;AM;3;IL;;Iniciativa Liberal;7;Luci Marina Pereira Simões Sanches;IL;N
150300;AM;3;IL;;Iniciativa Liberal;8;Dinis Manuel Caixeirinho Tomé;IL;N
150300;AM;3;IL;;Iniciativa Liberal;9;Paula Cristina de Oliveira Martins Pilau;IL;N
150300;AM;3;IL;;Iniciativa Liberal;10;Domingos Emanuel Marques Azevedo;IL;N
150300;AM;3;IL;;Iniciativa Liberal;11;Francisco José Luís Simões;IL;N
150300;AM;2;BE.L;;Almada em Comum – Coligação Bloco de Esquerda e LIVRE;1;Jefferson Eduardo De Oliveira;BE.L;N
150300;AM;2;BE.L;;Almada em Comum – Coligação Bloco de Esquerda e LIVRE;2;Geiziely Glicia Fernandes;BE.L;N
150300;AM;2;BE.L;;Almada em Comum – Coligação Bloco de Esquerda e LIVRE;3;Joana Sales de Campos Vieira;BE.L;N
150300;AM;2;BE.L;;Almada em Comum – Coligação Bloco de Esquerda e LIVRE;4;Martim de Freitas Gordinho;BE.L;N
150300;AM;2;BE.L;;Almada em Comum – Coligação Bloco de Esquerda e LIVRE;5;Pedro Miguel Celestino Pereira;BE.L;N
150300;AM;2;BE.L;;Almada em Comum – Coligação Bloco de Esquerda e LIVRE;6;Sílvia Cristina dos Santos Pais;BE.L;N
150300;AM;2;BE.L;;Almada em Comum – Coligação Bloco de Esquerda e LIVRE;7;Diogo Miguel da Silva Mira;BE.L;N
150300;AM;2;BE.L;;Almada em Comum – Coligação Bloco de Esquerda e LIVRE;8;Sérgio Rúben Lourosa Alves;BE.L;N
150300;AM;2;BE.L;;Almada em Comum – Coligação Bloco de Esquerda e LIVRE;9;Inês Duarte Aleixo Lourenço de Oliveira Gomes;BE.L;N
150300;AM;2;BE.L;;Almada em Comum – Coligação Bloco de Esquerda e LIVRE;10;Tânia Alexandra Martins Liberato;BE.L;N
150300;AM;2;BE.L;;Almada em Comum – Coligação Bloco de Esquerda e LIVRE;11;João Ricardo de Paiva Teixeira;BE.L;N
150300;AM;2;BE.L;;Almada em Comum – Coligação Bloco de Esquerda e LIVRE;12;Luís António Pinto Silva;BE.L;N
150300;AM;2;BE.L;;Almada em Comum – Coligação Bloco de Esquerda e LIVRE;13;Filipa Lourenço Cruz;BE.L;N
150300;AM;2;BE.L;;Almada em Comum – Coligação Bloco de Esquerda e LIVRE;14;Lúcia Maria Pires Correia;BE.L;N
150300;AM;2;BE.L;;Almada em Comum – Coligação Bloco de Esquerda e LIVRE;15;João Pedro Barbosa de Carvalho;BE.L;N
150300;AM;2;BE.L;;Almada em Comum – Coligação Bloco de Esquerda e LIVRE;16;Matias Aleixo Tomé dos Santos Feijoo;BE.L;N
150300;AM;2;BE.L;;Almada em Comum – Coligação Bloco de Esquerda e LIVRE;17;Ana Furtado Rodrigues Nunes de Oliveira;BE.L;N
150300;AM;2;BE.L;;Almada em Comum – Coligação Bloco de Esquerda e LIVRE;18;Maria Cristina Gonçalves Antunes;BE.L;N
150300;AM;2;BE.L;;Almada em Comum – Coligação Bloco de Esquerda e LIVRE;19;Carlos Manuel Jesus Filipe;BE.L;N
150300;AM;2;BE.L;;Almada em Comum – Coligação Bloco de Esquerda e LIVRE;20;Tiago Henrique Carvalho Simões;BE.L;N
150300;AM;2;BE.L;;Almada em Comum – Coligação Bloco de Esquerda e LIVRE;21;Matilde Lameira Porto;BE.L;N
150300;AM;2;BE.L;;Almada em Comum – Coligação Bloco de Esquerda e LIVRE;22;Marisa Alexandra Serrano Santos Rosa;BE.L;N
150300;AM;2;BE.L;;Almada em Comum – Coligação Bloco de Esquerda e LIVRE;23;Vasco Manuel Bilreiro Pereira;BE.L;N
150300;AM;2;BE.L;;Almada em Comum – Coligação Bloco de Esquerda e LIVRE;24;Sonia Patrícia Jacinto Martins;BE.L;N
150300;AM;2;BE.L;;Almada em Comum – Coligação Bloco de Esquerda e LIVRE;25;Tiago Pires Correia;BE.L;N
150300;AM;2;BE.L;;Almada em Comum – Coligação Bloco de Esquerda e LIVRE;26;Paulo Renato Costa Figueiredo;BE.L;N
150300;AM;2;BE.L;;Almada em Comum – Coligação Bloco de Esquerda e LIVRE;27;Ana Sofia Silva Rocha Marques;BE.L;N
150300;AM;2;BE.L;;Almada em Comum – Coligação Bloco de Esquerda e LIVRE;28;Guilherme Pires Correia;BE.L;N
150300;AM;2;BE.L;;Almada em Comum – Coligação Bloco de Esquerda e LIVRE;29;António Cláudio da Silva Cardoso;BE.L;N
150300;AM;2;BE.L;;Almada em Comum – Coligação Bloco de Esquerda e LIVRE;30;Ana Nicole Spínola Soares;BE.L;N
150300;AM;2;BE.L;;Almada em Comum – Coligação Bloco de Esquerda e LIVRE;31;José António Espírito Santo Rocha;BE.L;N
150300;AM;2;BE.L;;Almada em Comum – Coligação Bloco de Esquerda e LIVRE;32;Paulo Jorge Augusto Rodrigues;BE.L;N
150300;AM;2;BE.L;;Almada em Comum – Coligação Bloco de Esquerda e LIVRE;33;Joana Rodrigues Mortágua;BE.L;N
150300;AM;3;BE.L;;Almada em Comum – Coligação Bloco de Esquerda e LIVRE;1;Rafael de Freitas Gordinho;BE.L;N
150300;AM;3;BE.L;;Almada em Comum – Coligação Bloco de Esquerda e LIVRE;2;Sandra Mestre da Cunha;BE.L;N
150300;AM;3;BE.L;;Almada em Comum – Coligação Bloco de Esquerda e LIVRE;3;Clara Martinho Rodrigues;BE.L;N
150300;AM;3;BE.L;;Almada em Comum – Coligação Bloco de Esquerda e LIVRE;4;Manuel José Dias Pereira;BE.L;N
150300;AM;3;BE.L;;Almada em Comum – Coligação Bloco de Esquerda e LIVRE;5;Inês Margarida do Valle Araújo Saraiva Wemans;BE.L;N
150300;AM;3;BE.L;;Almada em Comum – Coligação Bloco de Esquerda e LIVRE;6;Anabela Augusta Dias de Almeida Mangas;BE.L;N
150300;AM;3;BE.L;;Almada em Comum – Coligação Bloco de Esquerda e LIVRE;7;Henrique Braz Falcão Ferreira;BE.L;N
150300;AM;3;BE.L;;Almada em Comum – Coligação Bloco de Esquerda e LIVRE;8;José Luís Damas de Carvalho;BE.L;N
150300;AM;3;BE.L;;Almada em Comum – Coligação Bloco de Esquerda e LIVRE;9;Joana Aleixo Deus;BE.L;N
150300;AM;3;BE.L;;Almada em Comum – Coligação Bloco de Esquerda e LIVRE;10;Fátima Maria Silva Nogueira Marras;BE.L;N
150300;AM;3;BE.L;;Almada em Comum – Coligação Bloco de Esquerda e LIVRE;11;Francisco Gomes Falcão Ferreira;BE.L;N
150300;AM;2;PCP-PEV;;CDU – Coligação Democrática Unitária;1;Maria Amélia de Jesus Pardal;PCP-PEV;N
150300;AM;2;PCP-PEV;;CDU – Coligação Democrática Unitária;2;José Alberto Azevedo Lourenço;PCP-PEV;N
150300;AM;2;PCP-PEV;;CDU – Coligação Democrática Unitária;3;Nuno Miguel Carapinha Terenas;PCP-PEV;N
150300;AM;2;PCP-PEV;;CDU – Coligação Democrática Unitária;4;Ana Margarida Figueiredo Alves Luna de Carvalho;PCP-PEV;N
150300;AM;2;PCP-PEV;;CDU – Coligação Democrática Unitária;5;João Eduardo Alves de Moura Geraldes;PCP-PEV;N
150300;AM;2;PCP-PEV;;CDU – Coligação Democrática Unitária;6;Ana Luísa Abílio Rodrigues de Carvalho;PCP-PEV;N
150300;AM;2;PCP-PEV;;CDU – Coligação Democrática Unitária;7;Vasco Ramiro Rodrigues Gonçalves;PCP-PEV;N
150300;AM;2;PCP-PEV;;CDU – Coligação Democrática Unitária;8;Sónia Tchissole Pires da Silva;PCP-PEV;N
150300;AM;2;PCP-PEV;;CDU – Coligação Democrática Unitária;9;Mário Bruno da Silva Ferreira Pinheiro de Magalhães;PCP-PEV;N
150300;AM;2;PCP-PEV;;CDU – Coligação Democrática Unitária;10;Antonio José Olaio da Silva;PCP-PEV;N
150300;AM;2;PCP-PEV;;CDU – Coligação Democrática Unitária;11;Catarina de Matos Pé-Curto;PCP-PEV;N
150300;AM;2;PCP-PEV;;CDU – Coligação Democrática Unitária;12;Bruno Ramos Dias;PCP-PEV;N
150300;AM;2;PCP-PEV;;CDU – Coligação Democrática Unitária;13;Ivo Rúben Correia Serra;PCP-PEV;N
150300;AM;2;PCP-PEV;;CDU – Coligação Democrática Unitária;14;Andreia Sofia Fernandes Egas;PCP-PEV;N
150300;AM;2;PCP-PEV;;CDU – Coligação Democrática Unitária;15;João Branco da Costa;PCP-PEV;N
150300;AM;2;PCP-PEV;;CDU – Coligação Democrática Unitária;16;Ana Sofia Rodrigues Marcos;PCP-PEV;N
150300;AM;2;PCP-PEV;;CDU – Coligação Democrática Unitária;17;Nuno Miguel Macedo Marques Vitorino;PCP-PEV;N
150300;AM;2;PCP-PEV;;CDU – Coligação Democrática Unitária;18;Carla Sandra Silva Barroso;PCP-PEV;N
150300;AM;2;PCP-PEV;;CDU – Coligação Democrática Unitária;19;Fernanda Balbina de Oliveira Duarte Leitão;PCP-PEV;N
150300;AM;2;PCP-PEV;;CDU – Coligação Democrática Unitária;20;Luís Manuel Serol Barradas;PCP-PEV;N
150300;AM;2;PCP-PEV;;CDU – Coligação Democrática Unitária;21;Ana Marta da Palma Tavares;PCP-PEV;N
150300;AM;2;PCP-PEV;;CDU – Coligação Democrática Unitária;22;Davide José Drumond Freitas;PCP-PEV;N
150300;AM;2;PCP-PEV;;CDU – Coligação Democrática Unitária;23;Félix Alexandre de Oliveira Magalhães;PCP-PEV;N
150300;AM;2;PCP-PEV;;CDU – Coligação Democrática Unitária;24;Liliana Dâmaso Garrett;PCP-PEV;N
150300;AM;2;PCP-PEV;;CDU – Coligação Democrática Unitária;25;Sérgio Fidalgo Carvalho;PCP-PEV;N
150300;AM;2;PCP-PEV;;CDU – Coligação Democrática Unitária;26;Ana Sofia Cardoso Maria;PCP-PEV;N
150300;AM;2;PCP-PEV;;CDU – Coligação Democrática Unitária;27;Joana Tavares Reis Raposo;PCP-PEV;N
150300;AM;2;PCP-PEV;;CDU – Coligação Democrática Unitária;28;Carlos Fernando Martins de Brito Mateus;PCP-PEV;N
150300;AM;2;PCP-PEV;;CDU – Coligação Democrática Unitária;29;Rita Maria Chagas Miguel Judas;PCP-PEV;N
150300;AM;2;PCP-PEV;;CDU – Coligação Democrática Unitária;30;Elsa Maria Alves Dias;PCP-PEV;N
150300;AM;2;PCP-PEV;;CDU – Coligação Democrática Unitária;31;Cláudio Nuno dos Reis Silva;PCP-PEV;N
150300;AM;2;PCP-PEV;;CDU – Coligação Democrática Unitária;32;Isa Belmira Camacho Morais;PCP-PEV;N
150300;AM;2;PCP-PEV;;CDU – Coligação Democrática Unitária;33;António José Rosa Ramos;PCP-PEV;N
150300;AM;3;PCP-PEV;;CDU – Coligação Democrática Unitária;1;António Manuel Cardoso Pombeiro;PCP-PEV;N
150300;AM;3;PCP-PEV;;CDU – Coligação Democrática Unitária;2;Ana Isabel Manso Salgueiro Mouta Salvador;PCP-PEV;N
150300;AM;3;PCP-PEV;;CDU – Coligação Democrática Unitária;3;Ana Rita Amaral Maia de Almeida;PCP-PEV;N
150300;AM;3;PCP-PEV;;CDU – Coligação Democrática Unitária;4;Avelino Nuno dos Santos;PCP-PEV;N
150300;AM;3;PCP-PEV;;CDU – Coligação Democrática Unitária;5;Josefina Garcia Correia;PCP-PEV;N
150300;AM;3;PCP-PEV;;CDU – Coligação Democrática Unitária;6;Maria Luísa Martins Paulitos;PCP-PEV;N
150300;AM;3;PCP-PEV;;CDU – Coligação Democrática Unitária;7;Fernando Jorge Lopes Pereira;PCP-PEV;N
150300;AM;3;PCP-PEV;;CDU – Coligação Democrática Unitária;8;Inês Apolinário Urbano;PCP-PEV;N
150300;AM;3;PCP-PEV;;CDU – Coligação Democrática Unitária;9;Salomé Russo Metelo;PCP-PEV;N
150300;AM;3;PCP-PEV;;CDU – Coligação Democrática Unitária;10;José António Correia da Silva;PCP-PEV;N
150300;AM;3;PCP-PEV;;CDU – Coligação Democrática Unitária;11;Ana Rita Henriques Coelho;PCP-PEV;N
150300;AM;3;PCP-PEV;;CDU – Coligação Democrática Unitária;12;Maria Nazaré Sapatinha Borrego Avó;PCP-PEV;N
150300;AM;3;PCP-PEV;;CDU – Coligação Democrática Unitária;13;André de Jesus Pereira Rosado Janeco;PCP-PEV;N
150300;AM;3;PCP-PEV;;CDU – Coligação Democrática Unitária;14;Úrsula Machado Lobato Pulquério;PCP-PEV;N
150300;AM;3;PCP-PEV;;CDU – Coligação Democrática Unitária;15;Fernando Paulo Trepado Cocharra;PCP-PEV;N
150300;AM;3;PCP-PEV;;CDU – Coligação Democrática Unitária;16;Augusto Máximo Flor;PCP-PEV;N
150300;AM;3;PCP-PEV;;CDU – Coligação Democrática Unitária;17;Maria Isabel Raposo Ramos Rocha;PCP-PEV;N
150300;AM;3;PCP-PEV;;CDU – Coligação Democrática Unitária;18;Maria Rita Pereira Peixoto de Magalhães;PCP-PEV;N
150300;AM;3;PCP-PEV;;CDU – Coligação Democrática Unitária;19;Henrique da Silva Santos;PCP-PEV;N
150300;AM;3;PCP-PEV;;CDU – Coligação Democrática Unitária;20;Mário José D’Araújo;PCP-PEV;N
150300;AM;3;PCP-PEV;;CDU – Coligação Democrática Unitária;21;Maria Bárbara Olaio da Silva Miguel Judas;PCP-PEV;N
150300;AM;3;PCP-PEV;;CDU – Coligação Democrática Unitária;22;Natália Maria Gonçalves Pinto;PCP-PEV;N
150300;AM;3;PCP-PEV;;CDU – Coligação Democrática Unitária;23;Rui Miguel Gil Ferreirinho;PCP-PEV;N
150300;AM;3;PCP-PEV;;CDU – Coligação Democrática Unitária;24;Cecília Maria Pina Queiroz;PCP-PEV;N
150300;AM;3;PCP-PEV;;CDU – Coligação Democrática Unitária;25;Francisco Miguel Pinto Martins;PCP-PEV;N
150300;AM;3;PCP-PEV;;CDU – Coligação Democrática Unitária;26;Rita de Matos Sousa Vital Fonseca Raimundo Rendeiro;PCP-PEV;N
150300;AM;3;PCP-PEV;;CDU – Coligação Democrática Unitária;27;Maria João Moreira dos Santos;PCP-PEV;N
150300;AM;3;PCP-PEV;;CDU – Coligação Democrática Unitária;28;Salustiano Lemos Gomes;PCP-PEV;N
150300;AM;3;PCP-PEV;;CDU – Coligação Democrática Unitária;29;Patrícia Paula dos Santos Marques Martins;PCP-PEV;N
150300;AM;3;PCP-PEV;;CDU – Coligação Democrática Unitária;30;Vítor Manuel Florêncio Lourenço;PCP-PEV;N
150300;AM;3;PCP-PEV;;CDU – Coligação Democrática Unitária;31;Fernando Jorge Martins Figueira;PCP-PEV;N
150300;AM;3;PCP-PEV;;CDU – Coligação Democrática Unitária;32;Maria Teresa Morato Silva Rodrigues Cardinho;PCP-PEV;N
150300;AM;3;PCP-PEV;;CDU – Coligação Democrática Unitária;33;Joaquim Estevão Miguel Judas;PCP-PEV;N
150300;AM;2;PAN;;Pessoas – Animais – Natureza;1;Carla Marina Prazeres Marques;PAN;N
150300;AM;2;PAN;;Pessoas – Animais – Natureza;2;Marina Moleiro Junqueira;PAN;N
150300;AM;2;PAN;;Pessoas – Animais – Natureza;3;Eduardo Manuel de Freitas Sant’Ana Araújo;PAN;N
150300;AM;2;PAN;;Pessoas – Animais – Natureza;4;André Filipe Ventura ngelo;PAN;N
150300;AM;2;PAN;;Pessoas – Animais – Natureza;5;Cristina Manuela Alves Monteiro Nunes Francisco;PAN;N
150300;AM;2;PAN;;Pessoas – Animais – Natureza;6;Cristina Ascensão Oliveira Porfírio;PAN;N
150300;AM;2;PAN;;Pessoas – Animais – Natureza;7;Telmo Luís Malanho Rodrigues;PAN;N
150300;AM;2;PAN;;Pessoas – Animais – Natureza;8;Rui Fernando Rodrigues da Silva Vargas;PAN;N
150300;AM;2;PAN;;Pessoas – Animais – Natureza;9;Maria Osvalda Arez Gonçalves;PAN;N
150300;AM;2;PAN;;Pessoas – Animais – Natureza;10;Catarina De Jesus De Oliveira;PAN;N
150300;AM;2;PAN;;Pessoas – Animais – Natureza;11;Licínio Manuel Sousa Jesus;PAN;N
150300;AM;2;PAN;;Pessoas – Animais – Natureza;12;Pedro Filipe Rodrigues Pedras Matos de Sousa;PAN;N
150300;AM;2;PAN;;Pessoas – Animais – Natureza;13;Teresa Maria Fontan Forte da Silva Vargas;PAN;N
150300;AM;2;PAN;;Pessoas – Animais – Natureza;14;Marisa Furtado Rendeiro Correia;PAN;N
150300;AM;2;PAN;;Pessoas – Animais – Natureza;15;André Alves Ferreira;PAN;N
150300;AM;2;PAN;;Pessoas – Animais – Natureza;16;Emanuel Neto dos Santos Silva;PAN;N
150300;AM;2;PAN;;Pessoas – Animais – Natureza;17;Cidália Robalo Alves Correia Jesus;PAN;N
150300;AM;2;PAN;;Pessoas – Animais – Natureza;18;Catarina Andreia Ferreira Sigorro;PAN;N
150300;AM;2;PAN;;Pessoas – Animais – Natureza;19;Nuno Ricardo Aly de Castro Fernandes;PAN;N
150300;AM;2;PAN;;Pessoas – Animais – Natureza;20;Fernando Olímpio Santos Figueiredo;PAN;N
150300;AM;2;PAN;;Pessoas – Animais – Natureza;21;Ana Catarina Prazeres Marques Pinto Ramos;PAN;N
150300;AM;2;PAN;;Pessoas – Animais – Natureza;22;Luzia Maria Martins;PAN;N
150300;AM;2;PAN;;Pessoas – Animais – Natureza;23;Sérgio Luis Fonseca Oliveira;PAN;N
150300;AM;2;PAN;;Pessoas – Animais – Natureza;24;Carlos Alberto Gomes Marques;PAN;N
150300;AM;2;PAN;;Pessoas – Animais – Natureza;25;Rute Sofia da Cruz Dias Figueiredo;PAN;N
150300;AM;2;PAN;;Pessoas – Animais – Natureza;26;Maria Catarina Santiago Prazeres Gomes Marques;PAN;N
150300;AM;2;PAN;;Pessoas – Animais – Natureza;27;João Tomás Salavessa Matias de Almeida;PAN;N
150300;AM;2;PAN;;Pessoas – Animais – Natureza;28;Silvia Marina Vieira Costa;PAN;N
150300;AM;2;PAN;;Pessoas – Animais – Natureza;29;Beatriz Martins Santa Bárbara Gonçalves;PAN;N
150300;AM;2;PAN;;Pessoas – Animais – Natureza;30;Sérgio Miguel Tavares Alves;PAN;N
150300;AM;2;PAN;;Pessoas – Animais – Natureza;31;Luis Miguel Guerreiro Gonçalves dos Santos;PAN;N
150300;AM;2;PAN;;Pessoas – Animais – Natureza;32;Alexandra Branco Ralo Barata Correia;PAN;N
150300;AM;2;PAN;;Pessoas – Animais – Natureza;33;Sílvia Cristina Romão;PAN;N
150300;AM;3;PAN;;Pessoas – Animais – Natureza;1;Eduardo Filipe Almeida Fernandes;PAN;N
150300;AM;3;PAN;;Pessoas – Animais – Natureza;2;Gonçalo Miguel Pereira de Jesus Silva;PAN;N
150300;AM;3;PAN;;Pessoas – Animais – Natureza;3;Marlene Sofia Prazeres Marques;PAN;N
150300;AM;3;PAN;;Pessoas – Animais – Natureza;4;Diana Maria Marques Lopes;PAN;N
150300;AM;3;PAN;;Pessoas – Animais – Natureza;5;João Pedro Gomes Antão;PAN;N
150300;AM;3;PAN;;Pessoas – Animais – Natureza;6;Maria Lúcia Marques Veloso;PAN;N
150300;AM;3;PAN;;Pessoas – Animais – Natureza;7;Pedro de Araújo Farinha;PAN;N
150300;AM;3;PAN;;Pessoas – Animais – Natureza;8;Marco André Ribeiro Saavedra;PAN;N
150300;AM;3;PAN;;Pessoas – Animais – Natureza;9;Vanda Cordeiro Pereira;PAN;N
150300;AM;3;PAN;;Pessoas – Animais – Natureza;10;Sandra Isabel Carona Onofre;PAN;N
150300;AM;3;PAN;;Pessoas – Animais – Natureza;11;José Francisco Nunes Mancha;PAN;N
150300;CM;2;PS;;Partido Socialista;1;Inês de Saint-Maurice Esteves de Medeiros Victorino de Almeida;PS;N
150300;CM;2;PS;;Partido Socialista;2;Ivan Costa Gonçalves;PS;N
150300;CM;2;PS;;Partido Socialista;3;Filipe Alexandre Pardal Pacheco;PS;N
150300;CM;2;PS;;Partido Socialista;4;Francisca Luis Baptista Parreira;PS;N
150300;CM;2;PS;;Partido Socialista;5;Hélio Jorge Ferreira dos Anjos;PS;N
150300;CM;2;PS;;Partido Socialista;6;Joaquim António da Silva Gomes Barbosa;PS;N
150300;CM;2;PS;;Partido Socialista;7;Ana Margarida Machado da Silva Lourenço;PS;N
150300;CM;2;PS;;Partido Socialista;8;Gabriel Machado da Rosa;PS;N
150300;CM;2;PS;;Partido Socialista;9;Vanessa Oliveira Lima;PS;N
150300;CM;2;PS;;Partido Socialista;10;António Francisco Espada Rita;PS;N
150300;CM;2;PS;;Partido Socialista;11;Maria Teresa Torres Antunes Lino Craveiro;PS;N
150300;CM;3;PS;;Partido Socialista;1;João Augusto Veredas Campos;PS;N
150300;CM;3;PS;;Partido Socialista;2;Cláudia Sofia Gomes de Matos Paredes;PS;N
150300;CM;3;PS;;Partido Socialista;3;João Carlos dos Santos Vieira;PS;N
150300;CM;3;PS;;Partido Socialista;4;Susana Maria Dias Pereira;PS;N
150300;CM;3;PS;;Partido Socialista;5;Luís Filipe da Silva Mendes;PS;N
150300;CM;3;PS;;Partido Socialista;6;Maria Madalena Duarte Lopes Matos Barbosa Gamaliel Alves;PS;N
150300;CM;3;PS;;Partido Socialista;7;Tomás Sena Martins Urbano;PS;N
150300;CM;3;PS;;Partido Socialista;8;Maria José dos Santos Alves da Silva;PS;N
150300;CM;3;PS;;Partido Socialista;9;José Augusto Barata;PS;N
150300;CM;3;PS;;Partido Socialista;10;Zélia de Jesus Pacheco da Silva;PS;N
150300;CM;3;PS;;Partido Socialista;11;José Carlos Rebelo Simões;PS;N
150300;CM;2;CH;;Chega;1;Carlos Magno Valença Ferreira Walter de Magalhães;CH;N
150300;CM;2;CH;;Chega;2;Nuno Alexandre Oliveira Mendes;CH;N
150300;CM;2;CH;;Chega;3;Sara Sofia Martins Pinheiro;CH;N
150300;CM;2;CH;;Chega;4;João Pedro Guterres Peixoto Costa Pereira;CH;N
150300;CM;2;CH;;Chega;5;Tiago Daniel Graça Caetano;CH;N
150300;CM;2;CH;;Chega;6;Neide Filipa Marinho Passarinho;CH;N
150300;CM;2;CH;;Chega;7;Felicidade João Macuamule;CH;N
150300;CM;2;CH;;Chega;8;António Manuel Figueira Martins;CH;N
150300;CM;2;CH;;Chega;9;Rui Paulo Azevedo dos Santos;CH;N
150300;CM;2;CH;;Chega;10;Lucília Maria dos Santos;CH;N
150300;CM;2;CH;;Chega;11;Sónia Raquel Pinto Peliano;CH;N
150300;CM;3;CH;;Chega;1;Andreia Alexandra Flores de Miranda;CH;N
150300;CM;3;CH;;Chega;2;Hugo Miguel Nunes Monteiro;CH;N
150300;CM;3;CH;;Chega;3;Sara Raquel da Paixão Viegas da Silva;CH;N
150300;CM;3;CH;;Chega;4;Cláudia Sofia Barreto Gonçalves;CH;N
150300;CM;2;PPD/PSD;;Partido Social Democrata;1;Hélder António Guerra de Sousa Silva;PPD/PSD;N
150300;CM;2;PPD/PSD;;Partido Social Democrata;2;Paulo Alexandre Ribeiro Sabino;PPD/PSD;N
150300;CM;2;PPD/PSD;;Partido Social Democrata;3;Beatriz Leal da Silva Brandão Ferreira;PPD/PSD;N
150300;CM;2;PPD/PSD;;Partido Social Democrata;4;Carlos Alberto Tavares Salomão;PPD/PSD;N
150300;CM;2;PPD/PSD;;Partido Social Democrata;5;Sónia Raquel Mota Faria;PPD/PSD;N
150300;CM;2;PPD/PSD;;Partido Social Democrata;6;Luisa Maria Gama Varela;PPD/PSD;N
150300;CM;2;PPD/PSD;;Partido Social Democrata;7;Rui Daniel Tavares Pinto Gonçalves;PPD/PSD;N
150300;CM;2;PPD/PSD;;Partido Social Democrata;8;Alexandre José Pires de Oliveira Cruz;PPD/PSD;N
150300;CM;2;PPD/PSD;;Partido Social Democrata;9;Vitória Joana Bravo G. F. Taborda Farinha;PPD/PSD;N
150300;CM;2;PPD/PSD;;Partido Social Democrata;10;António Carlos Ferreira Gonçalves Amaro;PPD/PSD;N
150300;CM;3;PPD/PSD;;Partido Social Democrata;1;Rui José das Neves Patrão Batista Rosa;PPD/PSD;N
150300;CM;3;PPD/PSD;;Partido Social Democrata;2;Maria Inês Mendes Alves Pereira de Abreu;PPD/PSD;N
150300;CM;3;PPD/PSD;;Partido Social Democrata;3;Rui Filipe Botas Ribeiro Rua;PPD/PSD;N
150300;CM;3;PPD/PSD;;Partido Social Democrata;4;Luis Manuel Gomes Almeida Tavares;PPD/PSD;N
150300;CM;3;PPD/PSD;;Partido Social Democrata;5;Inês Isabel Baptista da Rocha Roldão;PPD/PSD;N
150300;CM;3;PPD/PSD;;Partido Social Democrata;6;Beatriz Sousa Gomes;PPD/PSD;N
150300;CM;3;PPD/PSD;;Partido Social Democrata;7;David Henriques Micaelo de Sequeira Cristóvão;PPD/PSD;N
150300;CM;2;CDS-PP;;CDS – Partido Popular;1;Ana Clara de Sousa Birrento Matos Silva;CDS-PP;N
150300;CM;2;CDS-PP;;CDS – Partido Popular;2;Fábio André Lourenço Lopes;CDS-PP;N
150300;CM;2;CDS-PP;;CDS – Partido Popular;3;Irina Cristiana Ludovico da Costa Tricamegy;CDS-PP;N
150300;CM;2;CDS-PP;;CDS – Partido Popular;4;Maria Ana de Magalhães e Esteves Silva;CDS-PP;N
150300;CM;2;CDS-PP;;CDS – Partido Popular;5;Gustavo Manuel Marques Pinto;CDS-PP;N
150300;CM;2;CDS-PP;;CDS – Partido Popular;6;Raquel Alexandra Valadares Barrulas;CDS-PP;N
150300;CM;2;CDS-PP;;CDS – Partido Popular;7;Maria Quitéria Chefe Marques;CDS-PP;N
150300;CM;2;CDS-PP;;CDS – Partido Popular;8;Henrique Marques Elvas Martins;CDS-PP;N
150300;CM;2;CDS-PP;;CDS – Partido Popular;9;Paula Alexandra Monteiro dos Santos Pires;CDS-PP;N
150300;CM;2;CDS-PP;;CDS – Partido Popular;10;João Maria Castro de Oliveira Rocha Pinto;CDS-PP;N
150300;CM;2;CDS-PP;;CDS – Partido Popular;11;Mariana da Cruz França;CDS-PP;N
150300;CM;3;CDS-PP;;CDS – Partido Popular;1;Tiago Fernandes de Moura;CDS-PP;N
150300;CM;3;CDS-PP;;CDS – Partido Popular;2;José Manuel Santos de Moura;CDS-PP;N
150300;CM;3;CDS-PP;;CDS – Partido Popular;3;Maria Teresa Seixas Dantas;CDS-PP;N
150300;CM;3;CDS-PP;;CDS – Partido Popular;4;Ricardo Jorge Borges Mariano de Carvalho;CDS-PP;N
150300;CM;2;IL;;Iniciativa Liberal;1;Carlos Filipe Pereira Alves;IL;N
150300;CM;2;IL;;Iniciativa Liberal;2;Marta Cristina Belmonte Pereira;IL;N
150300;CM;2;IL;;Iniciativa Liberal;3;Rodrigo Gonçalves da Silva;IL;N
150300;CM;2;IL;;Iniciativa Liberal;4;Priscila Rodrigues Gomes Mendes;IL;N
150300;CM;2;IL;;Iniciativa Liberal;5;Ricardo Jorge Afonso Helena;IL;N
150300;CM;2;IL;;Iniciativa Liberal;6;Maria de Lurdes Pinto Silva;IL;N
150300;CM;2;IL;;Iniciativa Liberal;7;Guilherme Filipe Palma Lopes;IL;N
150300;CM;2;IL;;Iniciativa Liberal;8;Vítor Machado Rodrigues Manuel;IL;N
150300;CM;2;IL;;Iniciativa Liberal;9;Ana Luísa Rodrigues Horta Barnabé;IL;N
150300;CM;2;IL;;Iniciativa Liberal;10;Hélder Manuel da Encarnação Barbóz;IL;N
150300;CM;2;IL;;Iniciativa Liberal;11;Francisco José Luís Simões;IL;N
150300;CM;3;IL;;Iniciativa Liberal;1;Graça Alexandra Gonçalves Roque;IL;N
150300;CM;3;IL;;Iniciativa Liberal;2;Nuno Miguel da Silva Nóbrega Batista;IL;N
150300;CM;3;IL;;Iniciativa Liberal;3;Luci Marina Pereira Simões Sanches;IL;N
150300;CM;3;IL;;Iniciativa Liberal;4;Vânia Carina Carrusca Guerreiro do Nascimento Ferreira;IL;N
150300;CM;2;BE.L;;Almada em Comum – Coligação Bloco de Esquerda e LIVRE;1;Sérgio Rúben Lourosa Alves;BE.L;N
150300;CM;2;BE.L;;Almada em Comum – Coligação Bloco de Esquerda e LIVRE;2;Sandra Mestre da Cunha;BE.L;N
150300;CM;2;BE.L;;Almada em Comum – Coligação Bloco de Esquerda e LIVRE;3;Sílvia Cristina dos Santos Pais;BE.L;N
150300;CM;2;BE.L;;Almada em Comum – Coligação Bloco de Esquerda e LIVRE;4;Diogo Miguel da Silva Mira;BE.L;N
150300;CM;2;BE.L;;Almada em Comum – Coligação Bloco de Esquerda e LIVRE;5;Matias Aleixo Tomé dos Santos Feijoo;BE.L;N
150300;CM;2;BE.L;;Almada em Comum – Coligação Bloco de Esquerda e LIVRE;6;Paula Cristina Salvação Brum da Silveira;BE.L;N
150300;CM;2;BE.L;;Almada em Comum – Coligação Bloco de Esquerda e LIVRE;7;Luís Filipe Lopes Pereira de Freitas Rodrigues Alves;BE.L;N
150300;CM;2;BE.L;;Almada em Comum – Coligação Bloco de Esquerda e LIVRE;8;Marie Basse;BE.L;N
150300;CM;2;BE.L;;Almada em Comum – Coligação Bloco de Esquerda e LIVRE;9;Tânia Alexandra Martins Liberato;BE.L;N
150300;CM;2;BE.L;;Almada em Comum – Coligação Bloco de Esquerda e LIVRE;10;João Pedro Barbosa de Carvalho;BE.L;N
150300;CM;2;BE.L;;Almada em Comum – Coligação Bloco de Esquerda e LIVRE;11;Marisa Alexandra Serrano Santos Rosa;BE.L;N
150300;CM;3;BE.L;;Almada em Comum – Coligação Bloco de Esquerda e LIVRE;1;Filipa Lourenço Cruz;BE.L;N
150300;CM;3;BE.L;;Almada em Comum – Coligação Bloco de Esquerda e LIVRE;2;Martim de Freitas Gordinho;BE.L;N
150300;CM;3;BE.L;;Almada em Comum – Coligação Bloco de Esquerda e LIVRE;3;Ana Augusto Madeira;BE.L;N
150300;CM;3;BE.L;;Almada em Comum – Coligação Bloco de Esquerda e LIVRE;4;Carla Alexandra da Silva Teixeira Alves;BE.L;N
150300;CM;2;PCP-PEV;;CDU – Coligação Democrática Unitária;1;Luís Filipe Almeida Palma;PCP-PEV;N
150300;CM;2;PCP-PEV;;CDU – Coligação Democrática Unitária;2;António José de Sousa Matos;PCP-PEV;N
150300;CM;2;PCP-PEV;;CDU – Coligação Democrática Unitária;3;Helena Manuela Gil Azinheira;PCP-PEV;N
150300;CM;2;PCP-PEV;;CDU – Coligação Democrática Unitária;4;Aurora Conceição Marques Almeida;PCP-PEV;N
150300;CM;2;PCP-PEV;;CDU – Coligação Democrática Unitária;5;Tiago David Costa Galveia;PCP-PEV;N
150300;CM;2;PCP-PEV;;CDU – Coligação Democrática Unitária;6;Paula Cristina Loureiro Coelho;PCP-PEV;N
150300;CM;2;PCP-PEV;;CDU – Coligação Democrática Unitária;7;Vanessa Alexandra Granja Gonçalves Pinheiro Borges;PCP-PEV;N
150300;CM;2;PCP-PEV;;CDU – Coligação Democrática Unitária;8;Nelson José Branco Vieira;PCP-PEV;N
150300;CM;2;PCP-PEV;;CDU – Coligação Democrática Unitária;9;Filipa do Couto Pereira Catarro;PCP-PEV;N
150300;CM;2;PCP-PEV;;CDU – Coligação Democrática Unitária;10;Alain Magalhães Pereira;PCP-PEV;N
150300;CM;2;PCP-PEV;;CDU – Coligação Democrática Unitária;11;Ana Catarina dos Reis Pires;PCP-PEV;N
150300;CM;3;PCP-PEV;;CDU – Coligação Democrática Unitária;1;Irina Margarida Canobbio Afonso Gonçalves de Carvalho;PCP-PEV;N
150300;CM;3;PCP-PEV;;CDU – Coligação Democrática Unitária;2;José Carlos dos Santos Ligeiro;PCP-PEV;N
150300;CM;3;PCP-PEV;;CDU – Coligação Democrática Unitária;3;Pedro Miguel de Sousa Gomes;PCP-PEV;N
150300;CM;3;PCP-PEV;;CDU – Coligação Democrática Unitária;4;Maria Madalena Cruz Rosa da Mota;PCP-PEV;N
150300;CM;3;PCP-PEV;;CDU – Coligação Democrática Unitária;5;Nuno Ricardo Almeida Semedo;PCP-PEV;N
150300;CM;3;PCP-PEV;;CDU – Coligação Democrática Unitária;6;José Manuel Vasques Godinho;PCP-PEV;N
150300;CM;3;PCP-PEV;;CDU – Coligação Democrática Unitária;7;Maria Beatriz da Silva Gomes Carvalho;PCP-PEV;N
150300;CM;3;PCP-PEV;;CDU – Coligação Democrática Unitária;8;Bruno Miguel Ganhão Pires;PCP-PEV;N
150300;CM;3;PCP-PEV;;CDU – Coligação Democrática Unitária;9;Maria Leonor Dimas Silva Riesenberger;PCP-PEV;N
150300;CM;3;PCP-PEV;;CDU – Coligação Democrática Unitária;10;Jorge do Carmo Ventinhas Pé-Curto;PCP-PEV;N
150300;CM;3;PCP-PEV;;CDU – Coligação Democrática Unitária;11;Maria Luisa Monteiro Ramos;PCP-PEV;N
150300;CM;2;PAN;;Pessoas – Animais – Natureza;1;Carla Marina Prazeres Marques;PAN;N
150300;CM;2;PAN;;Pessoas – Animais – Natureza;2;Nuno Miguel Chanoca dos Santos Figueiredo;PAN;N
150300;CM;2;PAN;;Pessoas – Animais – Natureza;3;Marina Moleiro Junqueira;PAN;N
150300;CM;2;PAN;;Pessoas – Animais – Natureza;4;Cristina Manuela Alves Monteiro Nunes Francisco;PAN;N
150300;CM;2;PAN;;Pessoas – Animais – Natureza;5;André Filipe Ventura ngelo;PAN;N
150300;CM;2;PAN;;Pessoas – Animais – Natureza;6;Pedro Filipe Rodrigues Pedras Matos de Sousa;PAN;N
150300;CM;2;PAN;;Pessoas – Animais – Natureza;7;Ana Catarina Prazeres Marques Pinto Ramos;PAN;N
150300;CM;2;PAN;;Pessoas – Animais – Natureza;8;Cristina Ascensão Oliveira Porfírio;PAN;N
150300;CM;2;PAN;;Pessoas – Animais – Natureza;9;Rui Fernando Rodrigues da Silva Vargas;PAN;N
150300;CM;2;PAN;;Pessoas – Animais – Natureza;10;Marisa Furtado Rendeiro Correia;PAN;N
150300;CM;2;PAN;;Pessoas – Animais – Natureza;11;Teresa Maria Fontan Forte da Silva Vargas;PAN;N
150300;CM;3;PAN;;Pessoas – Animais – Natureza;1;Eduardo Filipe Almeida Fernandes;PAN;N
150300;CM;3;PAN;;Pessoas – Animais – Natureza;2;Gonçalo Miguel Pereira de Jesus Silva;PAN;N
150300;CM;3;PAN;;Pessoas – Animais – Natureza;3;Diana Maria Marques Lopes;PAN;N
150300;CM;3;PAN;;Pessoas – Animais – Natureza;4;João Pedro Gomes Antão;PAN;N
